Folder,File Name Without Extension
@wongapl/offer-box,MAL-2025-726
@wongapl/offer-digest,MAL-2025-727
@wongapl/offer-selector,MAL-2025-728
@wongapl/offer-ui-tools,MAL-2025-729
@wongapl/sliders,MAL-2025-730
abha,MAL-2025-731
elabasia-mobileapp-react-native-ui,MAL-2025-732
finfonfon,MAL-2025-733
gitgotgottten,MAL-2025-734
herostereo,MAL-2025-735
is-number-ctf,MAL-2025-736
isctf11,MAL-2025-737
isctf16,MAL-2025-738
isctf17,MAL-2025-739
isctf2,MAL-2025-740
isctf3,MAL-2025-741
isctf4,MAL-2025-742
isctf5,MAL-2025-743
jqtools-overlay,MAL-2025-744
nodejs-paypal-checkout-demo,MAL-2025-745
offer-ui-tools,MAL-2025-746
prajwal_kewat-test-package,MAL-2025-747
react-native-country-picker-modal-modified,MAL-2025-748
skulldentist,MAL-2025-749
testingthesand,MAL-2025-750
tittottit,MAL-2025-751
ua.unitedforbusiness.frontend,MAL-2025-752
unitedrabbits,MAL-2025-753
@infinid-indonesia/ui-kit,MAL-2025-1011
apple-payment,MAL-2025-1012
apple-sdk,MAL-2025-1013
apple-sync,MAL-2025-1014
apple-test,MAL-2025-1015
apple-tests,MAL-2025-1016
apple-tools,MAL-2025-1017
apple-user,MAL-2025-1018
apple-utils,MAL-2025-1019
ar2-common,MAL-2025-1020
aws-genai-llm-chatbot,MAL-2025-1021
awsume,MAL-2025-1022
bazelbuild.vscode-bazel,MAL-2025-1023
bloomr-ts,MAL-2025-1024
blynk-ide,MAL-2025-1025
bookingcom-admin,MAL-2025-1026
bookingcom-connect,MAL-2025-1027
bookingcom-database,MAL-2025-1028
bookingcom-db,MAL-2025-1029
bookingcom-event,MAL-2025-1030
cg-be-package,MAL-2025-1031
cms-vue-boilerplate,MAL-2025-1032
codat,MAL-2025-1033
com.siccity.gltfutility,MAL-2025-1034
external-adapters-js,MAL-2025-1035
files_texteditor,MAL-2025-1036
guests,MAL-2025-1037
html-webpack-plugin-v4,MAL-2025-1038
html-webpack-plugin-v5,MAL-2025-1039
ibm.github.io,MAL-2025-1040
k6-docs,MAL-2025-1041
lib-automotive-call-cdm,MAL-2025-1042
llvm-vs-code-extensions.vscode-clangd,MAL-2025-1043
minikit-monorepo,MAL-2025-1044
pages-proxy,MAL-2025-1045
roro1,MAL-2025-1046
roro2,MAL-2025-1047
roro3,MAL-2025-1048
sahasuhdjdhajdhja,MAL-2025-1049
shader-examples,MAL-2025-1050
spicy-sections,MAL-2025-1051
twilio.github.io,MAL-2025-1052
typespublishercontenthash,MAL-2025-1053
user-switching,MAL-2025-1054
